CNTRY_NAME,CNTRY_CODE,ADM1_NAME,ADM1_CODE,ADM2_NAME,ADM2_CODE,HRname,HRpcode,HRparent
Nigeria,NGA,Abia,NGA001,Aba North,NGA001001,Aba North,NG001001,NG001
Nigeria,NGA,Abia,NGA001,Aba South,NGA001002,Aba South,NG001002,NG001
Nigeria,NGA,Abia,NGA001,Arochukwu,NGA001003,Arochukwu,NG001003,NG001
Nigeria,NGA,Abia,NGA001,Bende,NGA001004,Bende,NG001004,NG001
Nigeria,NGA,Abia,NGA001,Ikwuano,NGA001005,Ikwuano,NG001005,NG001
Nigeria,NGA,Abia,NGA001,Isiala-Ngwa North,NGA001006,Isiala-Ngwa North,NG001006,NG001
Nigeria,NGA,Abia,NGA001,Isiala-Ngwa South,NGA001007,Isiala-Ngwa South,NG001007,NG001
Nigeria,NGA,Abia,NGA001,Isuikwato,NGA001008,Isuikwato,NG001008,NG001
Nigeria,NGA,Abia,NGA001,Obi Nwa,NGA001009,Obi Nwa,NG001009,NG001
Nigeria,NGA,Abia,NGA001,Ohafia,NGA001010,Ohafia,NG001010,NG001
Nigeria,NGA,Abia,NGA001,Osisioma Ngwa,NGA001011,Osisioma Ngwa,NG001011,NG001
Nigeria,NGA,Abia,NGA001,Ugwunagbo,NGA001012,Ugwunagbo,NG001012,NG001
Nigeria,NGA,Abia,NGA001,Ukwa East,NGA001013,Ukwa East,NG001013,NG001
Nigeria,NGA,Abia,NGA001,Ukwa West,NGA001014,Ukwa West,NG001014,NG001
Nigeria,NGA,Abia,NGA001,Umu-Neochi,NGA001017,Umu-Neochi,NG001017,NG001
Nigeria,NGA,Abia,NGA001,Umuahia North,NGA001015,Umuahia North,NG001015,NG001
Nigeria,NGA,Abia,NGA001,Umuahia South,NGA001016,Umuahia South,NG001016,NG001
Nigeria,NGA,Adamawa,NGA002,Demsa,NGA002001,Demsa,NG002001,NG002
Nigeria,NGA,Adamawa,NGA002,Gireri,NGA002004,Gireri,NG002004,NG002
Nigeria,NGA,Adamawa,NGA002,Gombi,NGA002005,Gombi,NG002005,NG002
Nigeria,NGA,Adamawa,NGA002,Guyuk,NGA002006,Guyuk,NG002006,NG002
Nigeria,NGA,Adamawa,NGA002,Hong,NGA002007,Hong,NG002007,NG002
Nigeria,NGA,Adamawa,NGA002,Lamurde,NGA002009,Lamurde,NG002009,NG002
Nigeria,NGA,Adamawa,NGA002,Mayo-Belwa,NGA002012,Mayo-Belwa,NG002012,NG002
Nigeria,NGA,Adamawa,NGA002,Numan,NGA002016,Numan,NG002016,NG002
Nigeria,NGA,Adamawa,NGA002,Shelleng,NGA002017,Shelleng,NG002017,NG002
Nigeria,NGA,Adamawa,NGA002,Song,NGA002018,Song,NG002018,NG002
Nigeria,NGA,Adamawa,NGA002,Yola North,NGA002020,Yola North,NG002020,NG002
Nigeria,NGA,Adamawa,NGA002,Yola South,NGA002021,Yola South,NG002021,NG002
Nigeria,NGA,Akwa lbom,NGA003,Abak,NGA003001,Abak,NG003001,NG003
Nigeria,NGA,Akwa lbom,NGA003,Eket,NGA003003,Eket,NG003003,NG003
Nigeria,NGA,Akwa lbom,NGA003,Esit Eket,NGA003004,Esit Eket,NG003004,NG003
Nigeria,NGA,Akwa lbom,NGA003,Essien Udim,NGA003005,Essien Udim,NG003005,NG003
Nigeria,NGA,Akwa lbom,NGA003,Etim Ekpo,NGA003006,Etim Ekpo,NG003006,NG003
Nigeria,NGA,Akwa lbom,NGA003,Etinan,NGA003007,Etinan,NG003007,NG003
Nigeria,NGA,Akwa lbom,NGA003,Ibesikpo Asutan,NGA003009,Ibesikpo Asutan,NG003009,NG003
Nigeria,NGA,Akwa lbom,NGA003,Ibiono Ibom,NGA003010,Ibiono Ibom,NG003010,NG003
Nigeria,NGA,Akwa lbom,NGA003,Ika,NGA003011,Ika,NG003011,NG003
Nigeria,NGA,Akwa lbom,NGA003,Ikono,NGA003012,Ikono,NG003012,NG003
Nigeria,NGA,Akwa lbom,NGA003,Ikot Abasi,NGA003013,Ikot Abasi,NG003013,NG003
Nigeria,NGA,Akwa lbom,NGA003,Ikot Ekpene,NGA003014,Ikot Ekpene,NG003014,NG003
Nigeria,NGA,Akwa lbom,NGA003,Ini,NGA003015,Ini,NG003015,NG003
Nigeria,NGA,Akwa lbom,NGA003,Itu,NGA003016,Itu,NG003016,NG003
Nigeria,NGA,Akwa lbom,NGA003,Mkpat Enin,NGA003018,Mkpat Enin,NG003018,NG003
Nigeria,NGA,Akwa lbom,NGA003,Nsit Atai,NGA003019,Nsit Atai,NG003019,NG003
Nigeria,NGA,Akwa lbom,NGA003,Nsit Ibom,NGA003020,Nsit Ibom,NG003020,NG003
Nigeria,NGA,Akwa lbom,NGA003,Nsit Ubium,NGA003021,Nsit Ubium,NG003021,NG003
Nigeria,NGA,Akwa lbom,NGA003,Obot Akara,NGA003022,Obot Akara,NG003022,NG003
Nigeria,NGA,Akwa lbom,NGA003,Okobo,NGA003023,Okobo,NG003023,NG003
Nigeria,NGA,Akwa lbom,NGA003,Onna,NGA003024,Onna,NG003024,NG003
Nigeria,NGA,Akwa lbom,NGA003,Oruk Anam,NGA003026,Oruk Anam,NG003026,NG003
Nigeria,NGA,Akwa lbom,NGA003,Ukanafun,NGA003028,Ukanafun,NG003028,NG003
Nigeria,NGA,Akwa lbom,NGA003,Uruan,NGA003029,Uruan,NG003029,NG003
Nigeria,NGA,Akwa lbom,NGA003,Urue-Offong/Oruko,NGA003030,Urue-Offong/Oruko,NG003030,NG003
Nigeria,NGA,Akwa lbom,NGA003,Uyo,NGA003031,Uyo,NG003031,NG003
Nigeria,NGA,Anambra,NGA004,Aguata,NGA004001,Aguata,NG004001,NG004
Nigeria,NGA,Anambra,NGA004,Anambra East,NGA004002,Anambra East,NG004002,NG004
Nigeria,NGA,Anambra,NGA004,Anambra West,NGA004003,Anambra West,NG004003,NG004
Nigeria,NGA,Anambra,NGA004,Anaocha,NGA004004,Anaocha,NG004004,NG004
Nigeria,NGA,Anambra,NGA004,Awka North,NGA004005,Awka North,NG004005,NG004
Nigeria,NGA,Anambra,NGA004,Awka South,NGA004006,Awka South,NG004006,NG004
Nigeria,NGA,Anambra,NGA004,Ayamelum,NGA004007,Ayamelum,NG004007,NG004
Nigeria,NGA,Anambra,NGA004,Dunukofia,NGA004008,Dunukofia,NG004008,NG004
Nigeria,NGA,Anambra,NGA004,Ekwusigo,NGA004009,Ekwusigo,NG004009,NG004
Nigeria,NGA,Anambra,NGA004,Idemili North,NGA004010,Idemili North,NG004010,NG004
Nigeria,NGA,Anambra,NGA004,Idemili South,NGA004011,Idemili South,NG004011,NG004
Nigeria,NGA,Anambra,NGA004,Ihiala,NGA004012,Ihiala,NG004012,NG004
Nigeria,NGA,Anambra,NGA004,Njikoka,NGA004013,Njikoka,NG004013,NG004
Nigeria,NGA,Anambra,NGA004,Nnewi North,NGA004014,Nnewi North,NG004014,NG004
Nigeria,NGA,Anambra,NGA004,Nnewi South,NGA004015,Nnewi South,NG004015,NG004
Nigeria,NGA,Anambra,NGA004,Ogbaru,NGA004016,Ogbaru,NG004016,NG004
Nigeria,NGA,Anambra,NGA004,Onitsha North,NGA004017,Onitsha North,NG004017,NG004
Nigeria,NGA,Anambra,NGA004,Onitsha South,NGA004018,Onitsha South,NG004018,NG004
Nigeria,NGA,Anambra,NGA004,Orumba North,NGA004019,Orumba North,NG004019,NG004
Nigeria,NGA,Anambra,NGA004,Orumba South,NGA004020,Orumba South,NG004020,NG004
Nigeria,NGA,Anambra,NGA004,Oyi,NGA004021,Oyi,NG004021,NG004
Nigeria,NGA,Bauchi,NGA005,Alkaleri,NGA005001,Alkaleri,NG005001,NG005
Nigeria,NGA,Bauchi,NGA005,Bauchi,NGA005002,Bauchi,NG005002,NG005
Nigeria,NGA,Bauchi,NGA005,Bogoro,NGA005003,Bogoro,NG005003,NG005
Nigeria,NGA,Bauchi,NGA005,Damban,NGA005004,Damban,NG005004,NG005
Nigeria,NGA,Bauchi,NGA005,Darazo,NGA005005,Darazo,NG005005,NG005
Nigeria,NGA,Bauchi,NGA005,Dass,NGA005006,Dass,NG005006,NG005
Nigeria,NGA,Bauchi,NGA005,Gamawa,NGA005007,Gamawa,NG005007,NG005
Nigeria,NGA,Bauchi,NGA005,Ganjuwa,NGA005008,Ganjuwa,NG005008,NG005
Nigeria,NGA,Bauchi,NGA005,Giade,NGA005009,Giade,NG005009,NG005
Nigeria,NGA,Bauchi,NGA005,Itas/Gadau,NGA005010,Itas/Gadau,NG005010,NG005
Nigeria,NGA,Bauchi,NGA005,Jama'are,NGA005011,Jama'are,NG005011,NG005
Nigeria,NGA,Bauchi,NGA005,Katagum,NGA005012,Katagum,NG005012,NG005
Nigeria,NGA,Bauchi,NGA005,Kirfi,NGA005013,Kirfi,NG005013,NG005
Nigeria,NGA,Bauchi,NGA005,Misau,NGA005014,Misau,NG005014,NG005
Nigeria,NGA,Bauchi,NGA005,Ningi,NGA005015,Ningi,NG005015,NG005
Nigeria,NGA,Bauchi,NGA005,Shira,NGA005016,Shira,NG005016,NG005
Nigeria,NGA,Bauchi,NGA005,Tafawa-Balewa,NGA005017,Tafawa-Balewa,NG005017,NG005
Nigeria,NGA,Bauchi,NGA005,Toro,NGA005018,Toro,NG005018,NG005
Nigeria,NGA,Bauchi,NGA005,Warji,NGA005019,Warji,NG005019,NG005
Nigeria,NGA,Bauchi,NGA005,Zaki,NGA005020,Zaki,NG005020,NG005
Nigeria,NGA,Bayelsa,NGA006,Kolokuma/Opokuma,NGA006003,Kolokuma/Opokuma,NG006003,NG006
Nigeria,NGA,Bayelsa,NGA006,Nembe,NGA006004,Nembe,NG006004,NG006
Nigeria,NGA,Bayelsa,NGA006,Ogbia,NGA006005,Ogbia,NG006005,NG006
Nigeria,NGA,Bayelsa,NGA006,Sagbama,NGA006006,Sagbama,NG006006,NG006
Nigeria,NGA,Bayelsa,NGA006,Yenegoa,NGA006008,Yenegoa,NG006008,NG006
Nigeria,NGA,Benue,NGA007,Ado,NGA007001,Ado,NG007001,NG007
Nigeria,NGA,Benue,NGA007,Agatu,NGA007002,Agatu,NG007002,NG007
Nigeria,NGA,Benue,NGA007,Apa,NGA007003,Apa,NG007003,NG007
Nigeria,NGA,Benue,NGA007,Buruku,NGA007004,Buruku,NG007004,NG007
Nigeria,NGA,Benue,NGA007,Gboko,NGA007005,Gboko,NG007005,NG007
Nigeria,NGA,Benue,NGA007,Guma,NGA007006,Guma,NG007006,NG007
Nigeria,NGA,Benue,NGA007,Gwer East,NGA007007,Gwer East,NG007007,NG007
Nigeria,NGA,Benue,NGA007,Gwer West,NGA007008,Gwer West,NG007008,NG007
Nigeria,NGA,Benue,NGA007,Katsina-Ala,NGA007009,Katsina-Ala,NG007009,NG007
Nigeria,NGA,Benue,NGA007,Konshisha,NGA007010,Konshisha,NG007010,NG007
Nigeria,NGA,Benue,NGA007,Logo,NGA007012,Logo,NG007012,NG007
Nigeria,NGA,Benue,NGA007,Makurdi,NGA007013,Makurdi,NG007013,NG007
Nigeria,NGA,Benue,NGA007,Obi,NGA007014,Obi,NG007014,NG007
Nigeria,NGA,Benue,NGA007,Ogbadibo,NGA007015,Ogbadibo,NG007015,NG007
Nigeria,NGA,Benue,NGA007,Ohimini,NGA007016,Ohimini,NG007016,NG007
Nigeria,NGA,Benue,NGA007,Oju,NGA007017,Oju,NG007017,NG007
Nigeria,NGA,Benue,NGA007,Okpokwu,NGA007018,Okpokwu,NG007018,NG007
Nigeria,NGA,Benue,NGA007,Oturkpo,NGA007019,Oturkpo,NG007019,NG007
Nigeria,NGA,Benue,NGA007,Tarka,NGA007020,Tarka,NG007020,NG007
Nigeria,NGA,Benue,NGA007,Ukum,NGA007021,Ukum,NG007021,NG007
Nigeria,NGA,Benue,NGA007,Ushongo,NGA007022,Ushongo,NG007022,NG007
Nigeria,NGA,Benue,NGA007,Vandeikya,NGA007023,Vandeikya,NG007023,NG007
Nigeria,NGA,Borno,NGA008,Askira/Uba,NGA008002,Askira/Uba,NG008002,NG008
Nigeria,NGA,Borno,NGA008,Bayo,NGA008004,Bayo,NG008004,NG008
Nigeria,NGA,Borno,NGA008,Biu,NGA008005,Biu,NG008005,NG008
Nigeria,NGA,Borno,NGA008,Chibok,NGA008006,Chibok,NG008006,NG008
Nigeria,NGA,Borno,NGA008,Damboa,NGA008007,Damboa,NG008007,NG008
Nigeria,NGA,Borno,NGA008,Dikwa,NGA008008,Dikwa,NG008008,NG008
Nigeria,NGA,Borno,NGA008,Gubio,NGA008009,Gubio,NG008009,NG008
Nigeria,NGA,Borno,NGA008,Guzamala,NGA008010,Guzamala,NG008010,NG008
Nigeria,NGA,Borno,NGA008,Hawul,NGA008012,Hawul,NG008012,NG008
Nigeria,NGA,Borno,NGA008,Jere,NGA008013,Jere,NG008013,NG008
Nigeria,NGA,Borno,NGA008,Kaga,NGA008014,Kaga,NG008014,NG008
Nigeria,NGA,Borno,NGA008,Konduga,NGA008016,Konduga,NG008016,NG008
Nigeria,NGA,Borno,NGA008,Kwaya Kusar,NGA008018,Kwaya Kusar,NG008018,NG008
Nigeria,NGA,Borno,NGA008,Mafa,NGA008019,Mafa,NG008019,NG008
Nigeria,NGA,Borno,NGA008,Magumeri,NGA008020,Magumeri,NG008020,NG008
Nigeria,NGA,Borno,NGA008,Maiduguri,NGA008021,Maiduguri,NG008021,NG008
Nigeria,NGA,Borno,NGA008,Marte,NGA008022,Marte,NG008022,NG008
Nigeria,NGA,Borno,NGA008,Nganzai,NGA008026,Nganzai,NG008026,NG008
Nigeria,NGA,Borno,NGA008,Shani,NGA008027,Shani,NG008027,NG008
Nigeria,NGA,Cross River,NGA009,Abi,NGA009001,Abi,NG009001,NG009
Nigeria,NGA,Cross River,NGA009,Bekwara,NGA009005,Bekwara,NG009005,NG009
Nigeria,NGA,Cross River,NGA009,Biase,NGA009006,Biase,NG009006,NG009
Nigeria,NGA,Cross River,NGA009,Calabar-Municipal,NGA009009,Calabar-Municipal,NG009009,NG009
Nigeria,NGA,Cross River,NGA009,Ikom,NGA009011,Ikom,NG009011,NG009
Nigeria,NGA,Cross River,NGA009,Obubra,NGA009013,Obubra,NG009013,NG009
Nigeria,NGA,Cross River,NGA009,Obudu,NGA009014,Obudu,NG009014,NG009
Nigeria,NGA,Cross River,NGA009,Odukpani,NGA009015,Odukpani,NG009015,NG009
Nigeria,NGA,Cross River,NGA009,Ogoja,NGA009016,Ogoja,NG009016,NG009
Nigeria,NGA,Cross River,NGA009,Yakurr,NGA009017,Yakurr,NG009017,NG009
Nigeria,NGA,Cross River,NGA009,Yala,NGA009018,Yala,NG009018,NG009
Nigeria,NGA,Delta,NGA010,Aniocha North,NGA010001,Aniocha North,NG010001,NG010
Nigeria,NGA,Delta,NGA010,Aniocha South,NGA010002,Aniocha South,NG010002,NG010
Nigeria,NGA,Delta,NGA010,Bomadi,NGA010003,Bomadi,NG010003,NG010
Nigeria,NGA,Delta,NGA010,Ethiope East,NGA010005,Ethiope East,NG010005,NG010
Nigeria,NGA,Delta,NGA010,Ethiope West,NGA010006,Ethiope West,NG010006,NG010
Nigeria,NGA,Delta,NGA010,Ika North East,NGA010007,Ika North East,NG010007,NG010
Nigeria,NGA,Delta,NGA010,Ika South,NGA010008,Ika South,NG010008,NG010
Nigeria,NGA,Delta,NGA010,Isoko North,NGA010009,Isoko North,NG010009,NG010
Nigeria,NGA,Delta,NGA010,Isoko South,NGA010010,Isoko South,NG010010,NG010
Nigeria,NGA,Delta,NGA010,Ndokwa East,NGA010011,Ndokwa East,NG010011,NG010
Nigeria,NGA,Delta,NGA010,Ndokwa West,NGA010012,Ndokwa West,NG010012,NG010
Nigeria,NGA,Delta,NGA010,Okpe,NGA010013,Okpe,NG010013,NG010
Nigeria,NGA,Delta,NGA010,Oshimili North,NGA010014,Oshimili North,NG010014,NG010
Nigeria,NGA,Delta,NGA010,Oshimili South,NGA010015,Oshimili South,NG010015,NG010
Nigeria,NGA,Delta,NGA010,Patani,NGA010016,Patani,NG010016,NG010
Nigeria,NGA,Delta,NGA010,Sapele,NGA010017,Sapele,NG010017,NG010
Nigeria,NGA,Delta,NGA010,Udu,NGA010018,Udu,NG010018,NG010
Nigeria,NGA,Delta,NGA010,Ughelli North,NGA010019,Ughelli North,NG010019,NG010
Nigeria,NGA,Delta,NGA010,Ughelli South,NGA010020,Ughelli South,NG010020,NG010
Nigeria,NGA,Delta,NGA010,Ukwuani,NGA010021,Ukwuani,NG010021,NG010
Nigeria,NGA,Delta,NGA010,Uvwie,NGA010022,Uvwie,NG010022,NG010
Nigeria,NGA,Delta,NGA010,Warri South,NGA010024,Warri South,NG010024,NG010
Nigeria,NGA,Ebonyi,NGA011,Abakaliki,NGA011001,Abakaliki,NG011001,NG011
Nigeria,NGA,Ebonyi,NGA011,Afikpo North,NGA011002,Afikpo North,NG011002,NG011
Nigeria,NGA,Ebonyi,NGA011,Afikpo South,NGA011003,Afikpo South,NG011003,NG011
Nigeria,NGA,Ebonyi,NGA011,Ebonyi,NGA011004,Ebonyi,NG011004,NG011
Nigeria,NGA,Ebonyi,NGA011,Ezza North,NGA011005,Ezza North,NG011005,NG011
Nigeria,NGA,Ebonyi,NGA011,Ezza South,NGA011006,Ezza South,NG011006,NG011
Nigeria,NGA,Ebonyi,NGA011,Ikwo,NGA011007,Ikwo,NG011007,NG011
Nigeria,NGA,Ebonyi,NGA011,Ishielu,NGA011008,Ishielu,NG011008,NG011
Nigeria,NGA,Ebonyi,NGA011,Ivo,NGA011009,Ivo,NG011009,NG011
Nigeria,NGA,Ebonyi,NGA011,Izzi,NGA011010,Izzi,NG011010,NG011
Nigeria,NGA,Ebonyi,NGA011,Ohaozara,NGA011011,Ohaozara,NG011011,NG011
Nigeria,NGA,Ebonyi,NGA011,Ohaukwu,NGA011012,Ohaukwu,NG011012,NG011
Nigeria,NGA,Ebonyi,NGA011,Onicha,NGA011013,Onicha,NG011013,NG011
Nigeria,NGA,Edo,NGA012,Akoko-Edo,NGA012001,Akoko-Edo,NG012001,NG012
Nigeria,NGA,Edo,NGA012,Egor,NGA012002,Egor,NG012002,NG012
Nigeria,NGA,Edo,NGA012,Esan North East,NGA012004,Esan North East,NG012004,NG012
Nigeria,NGA,Edo,NGA012,Esan Central,NGA012003,Esan Central,NG012003,NG012
Nigeria,NGA,Edo,NGA012,Esan South East,NGA012005,Esan South East,NG012005,NG012
Nigeria,NGA,Edo,NGA012,Esan West,NGA012006,Esan West,NG012006,NG012
Nigeria,NGA,Edo,NGA012,Etsako Central,NGA012007,Etsako Central,NG012007,NG012
Nigeria,NGA,Edo,NGA012,Etsako East,NGA012008,Etsako East,NG012008,NG012
Nigeria,NGA,Edo,NGA012,Etsako West,NGA012009,Etsako West,NG012009,NG012
Nigeria,NGA,Edo,NGA012,Igueben,NGA012010,Igueben,NG012010,NG012
Nigeria,NGA,Edo,NGA012,Ikpoba-Okha,NGA012011,Ikpoba-Okha,NG012011,NG012
Nigeria,NGA,Edo,NGA012,Oredo,NGA012012,Oredo,NG012012,NG012
Nigeria,NGA,Edo,NGA012,Orhionmwon,NGA012013,Orhionmwon,NG012013,NG012
Nigeria,NGA,Edo,NGA012,Ovia North East,NGA012014,Ovia North East,NG012014,NG012
Nigeria,NGA,Edo,NGA012,Ovia South West,NGA012015,Ovia South West,NG012015,NG012
Nigeria,NGA,Edo,NGA012,Owan East,NGA012016,Owan East,NG012016,NG012
Nigeria,NGA,Edo,NGA012,Owan West,NGA012017,Owan West,NG012017,NG012
Nigeria,NGA,Edo,NGA012,Uhunmwonde,NGA012018,Uhunmwonde,NG012018,NG012
Nigeria,NGA,Ekiti,NGA013,Ado Ekiti,NGA013001,Ado Ekiti,NG013001,NG013
Nigeria,NGA,Ekiti,NGA013,Efon-Alayee,NGA013003,Efon-Alayee,NG013003,NG013
Nigeria,NGA,Ekiti,NGA013,Ekiti East,NGA013004,Ekiti East,NG013004,NG013
Nigeria,NGA,Ekiti,NGA013,Ekiti South West,NGA013005,Ekiti South West,NG013005,NG013
Nigeria,NGA,Ekiti,NGA013,Ekiti West,NGA013006,Ekiti West,NG013006,NG013
Nigeria,NGA,Ekiti,NGA013,Emure,NGA013007,Emure,NG013007,NG013
Nigeria,NGA,Ekiti,NGA013,Gboyin,NGA013002,Gboyin,NG013002,NG013
Nigeria,NGA,Ekiti,NGA013,Idosi-Osi,NGA013008,Idosi-Osi,NG013008,NG013
Nigeria,NGA,Ekiti,NGA013,Ijero,NGA013009,Ijero,NG013009,NG013
Nigeria,NGA,Ekiti,NGA013,Ikere,NGA013010,Ikere,NG013010,NG013
Nigeria,NGA,Ekiti,NGA013,Ikole,NGA013011,Ikole,NG013011,NG013
Nigeria,NGA,Ekiti,NGA013,Ilemeji,NGA013012,Ilemeji,NG013012,NG013
Nigeria,NGA,Ekiti,NGA013,Irepodun/Ifelodun,NGA013013,Irepodun/Ifelodun,NG013013,NG013
Nigeria,NGA,Ekiti,NGA013,Ise/Orun,NGA013014,Ise/Orun,NG013014,NG013
Nigeria,NGA,Ekiti,NGA013,Moba,NGA013015,Moba,NG013015,NG013
Nigeria,NGA,Ekiti,NGA013,Oye,NGA013016,Oye,NG013016,NG013
Nigeria,NGA,Enugu,NGA014,Aninri,NGA014001,Aninri,NG014001,NG014
Nigeria,NGA,Enugu,NGA014,Awgu,NGA014002,Awgu,NG014002,NG014
Nigeria,NGA,Enugu,NGA014,Enugu East,NGA014003,Enugu East,NG014003,NG014
Nigeria,NGA,Enugu,NGA014,Enugu North,NGA014004,Enugu North,NG014004,NG014
Nigeria,NGA,Enugu,NGA014,Enugu South,NGA014005,Enugu South,NG014005,NG014
Nigeria,NGA,Enugu,NGA014,Ezeagu,NGA014006,Ezeagu,NG014006,NG014
Nigeria,NGA,Enugu,NGA014,Igbo-Etiti,NGA014007,Igbo-Etiti,NG014007,NG014
Nigeria,NGA,Enugu,NGA014,Igbo-Eze North,NGA014008,Igbo-Eze North,NG014008,NG014
Nigeria,NGA,Enugu,NGA014,Igbo-Eze South,NGA014009,Igbo-Eze South,NG014009,NG014
Nigeria,NGA,Enugu,NGA014,Isi-Uzo,NGA014010,Isi-Uzo,NG014010,NG014
Nigeria,NGA,Enugu,NGA014,Nkanu East,NGA014011,Nkanu East,NG014011,NG014
Nigeria,NGA,Enugu,NGA014,Nkanu West,NGA014012,Nkanu West,NG014012,NG014
Nigeria,NGA,Enugu,NGA014,Nsukka,NGA014013,Nsukka,NG014013,NG014
Nigeria,NGA,Enugu,NGA014,Oji-River,NGA014014,Oji-River,NG014014,NG014
Nigeria,NGA,Enugu,NGA014,Udenu,NGA014015,Udenu,NG014015,NG014
Nigeria,NGA,Enugu,NGA014,Udi,NGA014016,Udi,NG014016,NG014
Nigeria,NGA,Enugu,NGA014,Uzo-Uwani,NGA014017,Uzo-Uwani,NG014017,NG014
Nigeria,NGA,Federal Capital Territory,NGA015,Abaji,NGA015001,Abaji,NG015001,NG015
Nigeria,NGA,Federal Capital Territory,NGA015,Bwari,NGA015003,Bwari,NG015003,NG015
Nigeria,NGA,Federal Capital Territory,NGA015,Gwagwalada,NGA015004,Gwagwalada,NG015004,NG015
Nigeria,NGA,Federal Capital Territory,NGA015,Kuje,NGA015005,Kuje,NG015005,NG015
Nigeria,NGA,Federal Capital Territory,NGA015,Kwali,NGA015006,Kwali,NG015006,NG015
Nigeria,NGA,Federal Capital Territory,NGA015,Abuja Municipal,NGA015002,Abuja Municipal,NG015002,NG015
Nigeria,NGA,Gombe,NGA016,Akko,NGA016001,Akko,NG016001,NG016
Nigeria,NGA,Gombe,NGA016,Balanga,NGA016002,Balanga,NG016002,NG016
Nigeria,NGA,Gombe,NGA016,Billiri,NGA016003,Billiri,NG016003,NG016
Nigeria,NGA,Gombe,NGA016,Dukku,NGA016004,Dukku,NG016004,NG016
Nigeria,NGA,Gombe,NGA016,Funakaye,NGA016005,Funakaye,NG016005,NG016
Nigeria,NGA,Gombe,NGA016,Gombe,NGA016006,Gombe,NG016006,NG016
Nigeria,NGA,Gombe,NGA016,Kaltungo,NGA016007,Kaltungo,NG016007,NG016
Nigeria,NGA,Gombe,NGA016,Kwami,NGA016008,Kwami,NG016008,NG016
Nigeria,NGA,Gombe,NGA016,Nafada,NGA016009,Nafada,NG016009,NG016
Nigeria,NGA,Gombe,NGA016,Shomgom,NGA016010,Shomgom,NG016010,NG016
Nigeria,NGA,Gombe,NGA016,Yamaltu/Deba,NGA016011,Yamaltu/Deba,NG016011,NG016
Nigeria,NGA,Imo,NGA017,Aboh-Mbaise,NGA017001,Aboh-Mbaise,NG017001,NG017
Nigeria,NGA,Imo,NGA017,Ahiazu-Mbaise,NGA017002,Ahiazu-Mbaise,NG017002,NG017
Nigeria,NGA,Imo,NGA017,Ehime-Mbano,NGA017003,Ehime-Mbano,NG017003,NG017
Nigeria,NGA,Imo,NGA017,Ezinihitte,NGA017004,Ezinihitte,NG017004,NG017
Nigeria,NGA,Imo,NGA017,Ideato North,NGA017005,Ideato North,NG017005,NG017
Nigeria,NGA,Imo,NGA017,Ideato South,NGA017006,Ideato South,NG017006,NG017
Nigeria,NGA,Imo,NGA017,Ihitte/Uboma,NGA017007,Ihitte/Uboma,NG017007,NG017
Nigeria,NGA,Imo,NGA017,Ikeduru,NGA017008,Ikeduru,NG017008,NG017
Nigeria,NGA,Imo,NGA017,Isiala Mbano,NGA017009,Isiala Mbano,NG017009,NG017
Nigeria,NGA,Imo,NGA017,Isu,NGA017010,Isu,NG017010,NG017
Nigeria,NGA,Imo,NGA017,Mbaitoli,NGA017011,Mbaitoli,NG017011,NG017
Nigeria,NGA,Imo,NGA017,Ngor-Okpala,NGA017012,Ngor-Okpala,NG017012,NG017
Nigeria,NGA,Imo,NGA017,Njaba,NGA017013,Njaba,NG017013,NG017
Nigeria,NGA,Imo,NGA017,Nkwerre,NGA017014,Nkwerre,NG017014,NG017
Nigeria,NGA,Imo,NGA017,Nwangele,NGA017015,Nwangele,NG017015,NG017
Nigeria,NGA,Imo,NGA017,Obowo,NGA017016,Obowo,NG017016,NG017
Nigeria,NGA,Imo,NGA017,Oguta,NGA017017,Oguta,NG017017,NG017
Nigeria,NGA,Imo,NGA017,Ohaji/Egbema,NGA017018,Ohaji/Egbema,NG017018,NG017
Nigeria,NGA,Imo,NGA017,Okigwe,NGA017019,Okigwe,NG017019,NG017
Nigeria,NGA,Imo,NGA017,Orlu,NGA017020,Orlu,NG017020,NG017
Nigeria,NGA,Imo,NGA017,Orsu,NGA017021,Orsu,NG017021,NG017
Nigeria,NGA,Imo,NGA017,Oru East,NGA017022,Oru East,NG017022,NG017
Nigeria,NGA,Imo,NGA017,Oru West,NGA017023,Oru West,NG017023,NG017
Nigeria,NGA,Imo,NGA017,Owerri-Municipal,NGA017026,Owerri-Municipal,NG017026,NG017
Nigeria,NGA,Imo,NGA017,Owerri North,NGA017024,Owerri North,NG017024,NG017
Nigeria,NGA,Imo,NGA017,Owerri West,NGA017025,Owerri West,NG017025,NG017
Nigeria,NGA,Imo,NGA017,Unuimo,NGA017027,Unuimo,NG017027,NG017
Nigeria,NGA,Jigawa,NGA018,Auyo,NGA018001,Auyo,NG018001,NG018
Nigeria,NGA,Jigawa,NGA018,Babura,NGA018002,Babura,NG018002,NG018
Nigeria,NGA,Jigawa,NGA018,Biriniwa,NGA018003,Biriniwa,NG018003,NG018
Nigeria,NGA,Jigawa,NGA018,Birni Kudu,NGA018004,Birni Kudu,NG018004,NG018
Nigeria,NGA,Jigawa,NGA018,Buji,NGA018005,Buji,NG018005,NG018
Nigeria,NGA,Jigawa,NGA018,Dutse,NGA018006,Dutse,NG018006,NG018
Nigeria,NGA,Jigawa,NGA018,Gagarawa,NGA018007,Gagarawa,NG018007,NG018
Nigeria,NGA,Jigawa,NGA018,Garki,NGA018008,Garki,NG018008,NG018
Nigeria,NGA,Jigawa,NGA018,Gumel,NGA018009,Gumel,NG018009,NG018
Nigeria,NGA,Jigawa,NGA018,Guri,NGA018010,Guri,NG018010,NG018
Nigeria,NGA,Jigawa,NGA018,Gwaram,NGA018011,Gwaram,NG018011,NG018
Nigeria,NGA,Jigawa,NGA018,Gwiwa,NGA018012,Gwiwa,NG018012,NG018
Nigeria,NGA,Jigawa,NGA018,Hadejia,NGA018013,Hadejia,NG018013,NG018
Nigeria,NGA,Jigawa,NGA018,Jahun,NGA018014,Jahun,NG018014,NG018
Nigeria,NGA,Jigawa,NGA018,Kafin Hausa,NGA018015,Kafin Hausa,NG018015,NG018
Nigeria,NGA,Jigawa,NGA018,Kaugama,NGA018016,Kaugama,NG018016,NG018
Nigeria,NGA,Jigawa,NGA018,Kazaure,NGA018017,Kazaure,NG018017,NG018
Nigeria,NGA,Jigawa,NGA018,Kiri Kasamma,NGA018018,Kiri Kasamma,NG018018,NG018
Nigeria,NGA,Jigawa,NGA018,Malam Madori,NGA018021,Malam Madori,NG018021,NG018
Nigeria,NGA,Jigawa,NGA018,Miga,NGA018022,Miga,NG018022,NG018
Nigeria,NGA,Jigawa,NGA018,Ringim,NGA018023,Ringim,NG018023,NG018
Nigeria,NGA,Jigawa,NGA018,Roni,NGA018024,Roni,NG018024,NG018
Nigeria,NGA,Jigawa,NGA018,Taura,NGA018026,Taura,NG018026,NG018
Nigeria,NGA,Jigawa,NGA018,Yankwashi,NGA018027,Yankwashi,NG018027,NG018
Nigeria,NGA,Jigawa,NGA018,kiyawa,NGA018019,kiyawa,NG018019,NG018
Nigeria,NGA,Kaduna,NGA019,Birnin-Gwari,NGA019001,Birnin-Gwari,NG019001,NG019
Nigeria,NGA,Kaduna,NGA019,Chikun,NGA019002,Chikun,NG019002,NG019
Nigeria,NGA,Kaduna,NGA019,Giwa,NGA019003,Giwa,NG019003,NG019
Nigeria,NGA,Kaduna,NGA019,Kajuru,NGA019012,Kajuru,NG019012,NG019
Nigeria,NGA,Kaduna,NGA019,Igabi,NGA019004,Igabi,NG019004,NG019
Nigeria,NGA,Kaduna,NGA019,Ikara,NGA019005,Ikara,NG019005,NG019
Nigeria,NGA,Kaduna,NGA019,Jaba,NGA019006,Jaba,NG019006,NG019
Nigeria,NGA,Kaduna,NGA019,Jema'a,NGA019007,Jema'a,NG019007,NG019
Nigeria,NGA,Kaduna,NGA019,Kachia,NGA019008,Kachia,NG019008,NG019
Nigeria,NGA,Kaduna,NGA019,Kaduna North,NGA019009,Kaduna North,NG019009,NG019
Nigeria,NGA,Kaduna,NGA019,Kagarko,NGA019011,Kagarko,NG019011,NG019
Nigeria,NGA,Kaduna,NGA019,Kaura,NGA019013,Kaura,NG019013,NG019
Nigeria,NGA,Kaduna,NGA019,Kauru,NGA019014,Kauru,NG019014,NG019
Nigeria,NGA,Kaduna,NGA019,Kubau,NGA019015,Kubau,NG019015,NG019
Nigeria,NGA,Kaduna,NGA019,Kudan,NGA019016,Kudan,NG019016,NG019
Nigeria,NGA,Kaduna,NGA019,Lere,NGA019017,Lere,NG019017,NG019
Nigeria,NGA,Kaduna,NGA019,Markafi,NGA019018,Markafi,NG019018,NG019
Nigeria,NGA,Kaduna,NGA019,Sabon-Gari,NGA019019,Sabon-Gari,NG019019,NG019
Nigeria,NGA,Kaduna,NGA019,Sanga,NGA019020,Sanga,NG019020,NG019
Nigeria,NGA,Kaduna,NGA019,Soba,NGA019021,Soba,NG019021,NG019
Nigeria,NGA,Kaduna,NGA019,Zango-Kataf,NGA019022,Zango-Kataf,NG019022,NG019
Nigeria,NGA,Kaduna,NGA019,Zaria,NGA019023,Zaria,NG019023,NG019
Nigeria,NGA,Kaduna,NGA019,Kaduna South,NGA019010,Kaduna South,NG019010,NG019
Nigeria,NGA,Kano,NGA020,Ajingi,NGA020001,Ajingi,NG020001,NG020
Nigeria,NGA,Kano,NGA020,Albasu,NGA020002,Albasu,NG020002,NG020
Nigeria,NGA,Kano,NGA020,Bagwai,NGA020003,Bagwai,NG020003,NG020
Nigeria,NGA,Kano,NGA020,Bebeji,NGA020004,Bebeji,NG020004,NG020
Nigeria,NGA,Kano,NGA020,Bichi,NGA020005,Bichi,NG020005,NG020
Nigeria,NGA,Kano,NGA020,Bunkure,NGA020006,Bunkure,NG020006,NG020
Nigeria,NGA,Kano,NGA020,Dala,NGA020007,Dala,NG020007,NG020
Nigeria,NGA,Kano,NGA020,Dambatta,NGA020008,Dambatta,NG020008,NG020
Nigeria,NGA,Kano,NGA020,Dawakin Kudu,NGA020009,Dawakin Kudu,NG020009,NG020
Nigeria,NGA,Kano,NGA020,Dawakin Tofa,NGA020010,Dawakin Tofa,NG020010,NG020
Nigeria,NGA,Kano,NGA020,Doguwa,NGA020011,Doguwa,NG020011,NG020
Nigeria,NGA,Kano,NGA020,Fagge,NGA020012,Fagge,NG020012,NG020
Nigeria,NGA,Kano,NGA020,Gabasawa,NGA020013,Gabasawa,NG020013,NG020
Nigeria,NGA,Kano,NGA020,Garko,NGA020014,Garko,NG020014,NG020
Nigeria,NGA,Kano,NGA020,Garum Mallam,NGA020015,Garum Mallam,NG020015,NG020
Nigeria,NGA,Kano,NGA020,Gaya,NGA020016,Gaya,NG020016,NG020
Nigeria,NGA,Kano,NGA020,Gezawa,NGA020017,Gezawa,NG020017,NG020
Nigeria,NGA,Kano,NGA020,Gwale,NGA020018,Gwale,NG020018,NG020
Nigeria,NGA,Kano,NGA020,Gwarzo,NGA020019,Gwarzo,NG020019,NG020
Nigeria,NGA,Kano,NGA020,Kabo,NGA020020,Kabo,NG020020,NG020
Nigeria,NGA,Kano,NGA020,Kano Municipal,NGA020021,Kano Municipal,NG020021,NG020
Nigeria,NGA,Kano,NGA020,Karaye,NGA020022,Karaye,NG020022,NG020
Nigeria,NGA,Kano,NGA020,Kibiya,NGA020023,Kibiya,NG020023,NG020
Nigeria,NGA,Kano,NGA020,Kiru,NGA020024,Kiru,NG020024,NG020
Nigeria,NGA,Kano,NGA020,Kumbotso,NGA020025,Kumbotso,NG020025,NG020
Nigeria,NGA,Kano,NGA020,Kunchi,NGA020026,Kunchi,NG020026,NG020
Nigeria,NGA,Kano,NGA020,Kura,NGA020027,Kura,NG020027,NG020
Nigeria,NGA,Kano,NGA020,Madobi,NGA020028,Madobi,NG020028,NG020
Nigeria,NGA,Kano,NGA020,Makoda,NGA020029,Makoda,NG020029,NG020
Nigeria,NGA,Kano,NGA020,Minjibir,NGA020030,Minjibir,NG020030,NG020
Nigeria,NGA,Kano,NGA020,Nasarawa,NGA020031,Nasarawa,NG020031,NG020
Nigeria,NGA,Kano,NGA020,Rano,NGA020032,Rano,NG020032,NG020
Nigeria,NGA,Kano,NGA020,Rimin Gado,NGA020033,Rimin Gado,NG020033,NG020
Nigeria,NGA,Kano,NGA020,Rogo,NGA020034,Rogo,NG020034,NG020
Nigeria,NGA,Kano,NGA020,Shanono,NGA020035,Shanono,NG020035,NG020
Nigeria,NGA,Kano,NGA020,Sumaila,NGA020036,Sumaila,NG020036,NG020
Nigeria,NGA,Kano,NGA020,Takali,NGA020037,Takali,NG020037,NG020
Nigeria,NGA,Kano,NGA020,Tarauni,NGA020038,Tarauni,NG020038,NG020
Nigeria,NGA,Kano,NGA020,Tofa,NGA020039,Tofa,NG020039,NG020
Nigeria,NGA,Kano,NGA020,Tsanyawa,NGA020040,Tsanyawa,NG020040,NG020
Nigeria,NGA,Kano,NGA020,Tudun Wada,NGA020041,Tudun Wada,NG020041,NG020
Nigeria,NGA,Kano,NGA020,Ungogo,NGA020042,Ungogo,NG020042,NG020
Nigeria,NGA,Kano,NGA020,Warawa,NGA020043,Warawa,NG020043,NG020
Nigeria,NGA,Kano,NGA020,Wudil,NGA020044,Wudil,NG020044,NG020
Nigeria,NGA,Katsina,NGA021,Bakori,NGA021001,Bakori,NG021001,NG021
Nigeria,NGA,Katsina,NGA021,Batagarawa,NGA021002,Batagarawa,NG021002,NG021
Nigeria,NGA,Katsina,NGA021,Batsari,NGA021003,Batsari,NG021003,NG021
Nigeria,NGA,Katsina,NGA021,Bindawa,NGA021005,Bindawa,NG021005,NG021
Nigeria,NGA,Katsina,NGA021,Charanchi,NGA021006,Charanchi,NG021006,NG021
Nigeria,NGA,Katsina,NGA021,Dan Musa,NGA021007,Dan Musa,NG021007,NG021
Nigeria,NGA,Katsina,NGA021,Dandume,NGA021008,Dandume,NG021008,NG021
Nigeria,NGA,Katsina,NGA021,Danja,NGA021009,Danja,NG021009,NG021
Nigeria,NGA,Katsina,NGA021,Daura,NGA021010,Daura,NG021010,NG021
Nigeria,NGA,Katsina,NGA021,Dutsi,NGA021011,Dutsi,NG021011,NG021
Nigeria,NGA,Katsina,NGA021,Dutsin-Ma,NGA021012,Dutsin-Ma,NG021012,NG021
Nigeria,NGA,Katsina,NGA021,Faskari,NGA021013,Faskari,NG021013,NG021
Nigeria,NGA,Katsina,NGA021,Funtua,NGA021014,Funtua,NG021014,NG021
Nigeria,NGA,Katsina,NGA021,Ingawa,NGA021015,Ingawa,NG021015,NG021
Nigeria,NGA,Katsina,NGA021,Kafur,NGA021017,Kafur,NG021017,NG021
Nigeria,NGA,Katsina,NGA021,Kankara,NGA021019,Kankara,NG021019,NG021
Nigeria,NGA,Katsina,NGA021,Kankia,NGA021020,Kankia,NG021020,NG021
Nigeria,NGA,Katsina,NGA021,Katsina,NGA021021,Katsina,NG021021,NG021
Nigeria,NGA,Katsina,NGA021,Kurfi,NGA021022,Kurfi,NG021022,NG021
Nigeria,NGA,Katsina,NGA021,Kusada,NGA021023,Kusada,NG021023,NG021
Nigeria,NGA,Katsina,NGA021,Malumfashi,NGA021025,Malumfashi,NG021025,NG021
Nigeria,NGA,Katsina,NGA021,Mani,NGA021026,Mani,NG021026,NG021
Nigeria,NGA,Katsina,NGA021,Matazuu,NGA021028,Matazuu,NG021028,NG021
Nigeria,NGA,Katsina,NGA021,Musawa,NGA021029,Musawa,NG021029,NG021
Nigeria,NGA,Katsina,NGA021,Rimi,NGA021030,Rimi,NG021030,NG021
Nigeria,NGA,Katsina,NGA021,Sabuwa,NGA021031,Sabuwa,NG021031,NG021
Nigeria,NGA,Katsina,NGA021,Safana,NGA021032,Safana,NG021032,NG021
Nigeria,NGA,Katsina,NGA021,Sandamu,NGA021033,Sandamu,NG021033,NG021
Nigeria,NGA,Kebbi,NGA022,Aleiro,NGA022001,Aleiro,NG022001,NG022
Nigeria,NGA,Kebbi,NGA022,Argungu,NGA022003,Argungu,NG022003,NG022
Nigeria,NGA,Kebbi,NGA022,Augie,NGA022004,Augie,NG022004,NG022
Nigeria,NGA,Kebbi,NGA022,Birnin Kebbi,NGA022006,Birnin Kebbi,NG022006,NG022
Nigeria,NGA,Kebbi,NGA022,Bunza,NGA022007,Bunza,NG022007,NG022
Nigeria,NGA,Kebbi,NGA022,Fakai,NGA022009,Fakai,NG022009,NG022
Nigeria,NGA,Kebbi,NGA022,Gwandu,NGA022010,Gwandu,NG022010,NG022
Nigeria,NGA,Kebbi,NGA022,Jega,NGA022011,Jega,NG022011,NG022
Nigeria,NGA,Kebbi,NGA022,Kalgo,NGA022012,Kalgo,NG022012,NG022
Nigeria,NGA,Kebbi,NGA022,Koko/Besse,NGA022013,Koko/Besse,NG022013,NG022
Nigeria,NGA,Kebbi,NGA022,Maiyama,NGA022014,Maiyama,NG022014,NG022
Nigeria,NGA,Kebbi,NGA022,Ngaski,NGA022015,Ngaski,NG022015,NG022
Nigeria,NGA,Kebbi,NGA022,Sakaba,NGA022016,Sakaba,NG022016,NG022
Nigeria,NGA,Kebbi,NGA022,Shanga,NGA022017,Shanga,NG022017,NG022
Nigeria,NGA,Kebbi,NGA022,Suru,NGA022018,Suru,NG022018,NG022
Nigeria,NGA,Kebbi,NGA022,Wasagu/Danko,NGA022019,Wasagu/Danko,NG022019,NG022
Nigeria,NGA,Kebbi,NGA022,Yauri,NGA022020,Yauri,NG022020,NG022
Nigeria,NGA,Kebbi,NGA022,Zuru,NGA022021,Zuru,NG022021,NG022
Nigeria,NGA,Kogi,NGA023,Adavi,NGA023001,Adavi,NG023001,NG023
Nigeria,NGA,Kogi,NGA023,Ajaokuta,NGA023002,Ajaokuta,NG023002,NG023
Nigeria,NGA,Kogi,NGA023,Ankpa,NGA023003,Ankpa,NG023003,NG023
Nigeria,NGA,Kogi,NGA023,Bassa,NGA023004,Bassa,NG023004,NG023
Nigeria,NGA,Kogi,NGA023,Dekina,NGA023005,Dekina,NG023005,NG023
Nigeria,NGA,Kogi,NGA023,Ibaji,NGA023006,Ibaji,NG023006,NG023
Nigeria,NGA,Kogi,NGA023,Idah,NGA023007,Idah,NG023007,NG023
Nigeria,NGA,Kogi,NGA023,Igalamela-Odolu,NGA023008,Igalamela-Odolu,NG023008,NG023
Nigeria,NGA,Kogi,NGA023,Ijumu,NGA023009,Ijumu,NG023009,NG023
Nigeria,NGA,Kogi,NGA023,Kabba/Bunu,NGA023010,Kabba/Bunu,NG023010,NG023
Nigeria,NGA,Kogi,NGA023,Kogi,NGA023011,Kogi,NG023011,NG023
Nigeria,NGA,Kogi,NGA023,Lokoja,NGA023012,Lokoja,NG023012,NG023
Nigeria,NGA,Kogi,NGA023,Mopa-Muro,NGA023013,Mopa-Muro,NG023013,NG023
Nigeria,NGA,Kogi,NGA023,Ofu,NGA023014,Ofu,NG023014,NG023
Nigeria,NGA,Kogi,NGA023,Ogori/Mangongo,NGA023015,Ogori/Mangongo,NG023015,NG023
Nigeria,NGA,Kogi,NGA023,Okehi,NGA023016,Okehi,NG023016,NG023
Nigeria,NGA,Kogi,NGA023,Okene,NGA023017,Okene,NG023017,NG023
Nigeria,NGA,Kogi,NGA023,Olamabolo,NGA023018,Olamabolo,NG023018,NG023
Nigeria,NGA,Kogi,NGA023,Omala,NGA023019,Omala,NG023019,NG023
Nigeria,NGA,Kogi,NGA023,Yagba East,NGA023020,Yagba East,NG023020,NG023
Nigeria,NGA,Kogi,NGA023,Yagba West,NGA023021,Yagba West,NG023021,NG023
Nigeria,NGA,Kwara,NGA024,Asa,NGA024001,Asa,NG024001,NG024
Nigeria,NGA,Kwara,NGA024,Edu,NGA024003,Edu,NG024003,NG024
Nigeria,NGA,Kwara,NGA024,Ekiti,NGA024004,Ekiti,NG024004,NG024
Nigeria,NGA,Kwara,NGA024,Ifelodun,NGA024005,Ifelodun,NG024005,NG024
Nigeria,NGA,Kwara,NGA024,Ilorin East,NGA024006,Ilorin East,NG024006,NG024
Nigeria,NGA,Kwara,NGA024,Ilorin South,NGA024007,Ilorin South,NG024007,NG024
Nigeria,NGA,Kwara,NGA024,Ilorin West,NGA024008,Ilorin West,NG024008,NG024
Nigeria,NGA,Kwara,NGA024,Irepodun,NGA024009,Irepodun,NG024009,NG024
Nigeria,NGA,Kwara,NGA024,Isin,NGA024010,Isin,NG024010,NG024
Nigeria,NGA,Kwara,NGA024,Kaiama,NGA024011,Kaiama,NG024011,NG024
Nigeria,NGA,Kwara,NGA024,Moro,NGA024012,Moro,NG024012,NG024
Nigeria,NGA,Kwara,NGA024,Offa,NGA024013,Offa,NG024013,NG024
Nigeria,NGA,Kwara,NGA024,Oke-Ero,NGA024014,Oke-Ero,NG024014,NG024
Nigeria,NGA,Kwara,NGA024,Oyun,NGA024015,Oyun,NG024015,NG024
Nigeria,NGA,Kwara,NGA024,Pategi,NGA024016,Pategi,NG024016,NG024
Nigeria,NGA,Lagos,NGA025,Agege,NGA025001,Agege,NG025001,NG025
Nigeria,NGA,Lagos,NGA025,Ajeromi-Ifelodun,NGA025002,Ajeromi-Ifelodun,NG025002,NG025
Nigeria,NGA,Lagos,NGA025,Alimosho,NGA025003,Alimosho,NG025003,NG025
Nigeria,NGA,Lagos,NGA025,Apapa,NGA025005,Apapa,NG025005,NG025
Nigeria,NGA,Lagos,NGA025,Epe,NGA025007,Epe,NG025007,NG025
Nigeria,NGA,Lagos,NGA025,Ifako-Ijaye,NGA025010,Ifako-Ijaye,NG025010,NG025
Nigeria,NGA,Lagos,NGA025,Ikeja,NGA025011,Ikeja,NG025011,NG025
Nigeria,NGA,Lagos,NGA025,Mushin,NGA025016,Mushin,NG025016,NG025
Nigeria,NGA,Lagos,NGA025,Ojo,NGA025017,Ojo,NG025017,NG025
Nigeria,NGA,Lagos,NGA025,Oshodi-Isolo,NGA025018,Oshodi-Isolo,NG025018,NG025
Nigeria,NGA,Lagos,NGA025,Surulere,NGA025020,Surulere,NG025020,NG025
Nigeria,NGA,Nasarawa,NGA026,Akwanga,NGA026001,Akwanga,NG026001,NG026
Nigeria,NGA,Nasarawa,NGA026,Awe,NGA026002,Awe,NG026002,NG026
Nigeria,NGA,Nasarawa,NGA026,Doma,NGA026003,Doma,NG026003,NG026
Nigeria,NGA,Nasarawa,NGA026,Karu,NGA026004,Karu,NG026004,NG026
Nigeria,NGA,Nasarawa,NGA026,Keana,NGA026005,Keana,NG026005,NG026
Nigeria,NGA,Nasarawa,NGA026,Keffi,NGA026006,Keffi,NG026006,NG026
Nigeria,NGA,Nasarawa,NGA026,Kokona,NGA026007,Kokona,NG026007,NG026
Nigeria,NGA,Nasarawa,NGA026,Lafia,NGA026008,Lafia,NG026008,NG026
Nigeria,NGA,Nasarawa,NGA026,Nasarawa,NGA026009,Nasarawa,NG026009,NG026
Nigeria,NGA,Nasarawa,NGA026,Nasarawa-Eggon,NGA026010,Nasarawa-Eggon,NG026010,NG026
Nigeria,NGA,Nasarawa,NGA026,Obi,NGA026011,Obi,NG026011,NG026
Nigeria,NGA,Nasarawa,NGA026,Toto,NGA026012,Toto,NG026012,NG026
Nigeria,NGA,Nasarawa,NGA026,Wamba,NGA026013,Wamba,NG026013,NG026
Nigeria,NGA,Niger,NGA027,Agaie,NGA027001,Agaie,NG027001,NG027
Nigeria,NGA,Niger,NGA027,Agwara,NGA027002,Agwara,NG027002,NG027
Nigeria,NGA,Niger,NGA027,Bida,NGA027003,Bida,NG027003,NG027
Nigeria,NGA,Niger,NGA027,Bosso,NGA027005,Bosso,NG027005,NG027
Nigeria,NGA,Niger,NGA027,Chanchaga,NGA027006,Chanchaga,NG027006,NG027
Nigeria,NGA,Niger,NGA027,Edati,NGA027007,Edati,NG027007,NG027
Nigeria,NGA,Niger,NGA027,Gbako,NGA027008,Gbako,NG027008,NG027
Nigeria,NGA,Niger,NGA027,Gurara,NGA027009,Gurara,NG027009,NG027
Nigeria,NGA,Niger,NGA027,Katcha,NGA027010,Katcha,NG027010,NG027
Nigeria,NGA,Niger,NGA027,Kontagora,NGA027011,Kontagora,NG027011,NG027
Nigeria,NGA,Niger,NGA027,Lapai,NGA027012,Lapai,NG027012,NG027
Nigeria,NGA,Niger,NGA027,Lavun,NGA027013,Lavun,NG027013,NG027
Nigeria,NGA,Niger,NGA027,Magama,NGA027014,Magama,NG027014,NG027
Nigeria,NGA,Niger,NGA027,Mariga,NGA027015,Mariga,NG027015,NG027
Nigeria,NGA,Niger,NGA027,Mashegu,NGA027016,Mashegu,NG027016,NG027
Nigeria,NGA,Niger,NGA027,Mokwa,NGA027017,Mokwa,NG027017,NG027
Nigeria,NGA,Niger,NGA027,Muya,NGA027018,Muya,NG027018,NG027
Nigeria,NGA,Niger,NGA027,Pailoro,NGA027019,Pailoro,NG027019,NG027
Nigeria,NGA,Niger,NGA027,Rafi,NGA027020,Rafi,NG027020,NG027
Nigeria,NGA,Niger,NGA027,Rijau,NGA027021,Rijau,NG027021,NG027
Nigeria,NGA,Niger,NGA027,Shiroro,NGA027022,Shiroro,NG027022,NG027
Nigeria,NGA,Niger,NGA027,Suleja,NGA027023,Suleja,NG027023,NG027
Nigeria,NGA,Niger,NGA027,Tafa,NGA027024,Tafa,NG027024,NG027
Nigeria,NGA,Niger,NGA027,Wushishi,NGA027025,Wushishi,NG027025,NG027
Nigeria,NGA,Ogun,NGA028,Abeokuta North,NGA028001,Abeokuta North,NG028001,NG028
Nigeria,NGA,Ogun,NGA028,Abeokuta South,NGA028002,Abeokuta South,NG028002,NG028
Nigeria,NGA,Ogun,NGA028,Ado-Odo/Ota,NGA028003,Ado-Odo/Ota,NG028003,NG028
Nigeria,NGA,Ogun,NGA028,Egbado South,NGA028005,Egbado South,NG028005,NG028
Nigeria,NGA,Ogun,NGA028,Ewekoro,NGA028006,Ewekoro,NG028006,NG028
Nigeria,NGA,Ogun,NGA028,Ifo,NGA028007,Ifo,NG028007,NG028
Nigeria,NGA,Ogun,NGA028,Ijebu East,NGA028008,Ijebu East,NG028008,NG028
Nigeria,NGA,Ogun,NGA028,Ijebu North,NGA028009,Ijebu North,NG028009,NG028
Nigeria,NGA,Ogun,NGA028,Ijebu North East,NGA028010,Ijebu North East,NG028010,NG028
Nigeria,NGA,Ogun,NGA028,Ijebu ode,NGA028011,Ijebu ode,NG028011,NG028
Nigeria,NGA,Ogun,NGA028,Ikenne,NGA028012,Ikenne,NG028012,NG028
Nigeria,NGA,Ogun,NGA028,Obafemi-Owode,NGA028015,Obafemi-Owode,NG028015,NG028
Nigeria,NGA,Ogun,NGA028,Odeda,NGA028016,Odeda,NG028016,NG028
Nigeria,NGA,Ogun,NGA028,Odogbolu,NGA028017,Odogbolu,NG028017,NG028
Nigeria,NGA,Ogun,NGA028,Ogun waterside,NGA028018,Ogun waterside,NG028018,NG028
Nigeria,NGA,Ogun,NGA028,Remo North,NGA028019,Remo North,NG028019,NG028
Nigeria,NGA,Ogun,NGA028,Shagamu,NGA028020,Shagamu,NG028020,NG028
Nigeria,NGA,Ondo,NGA029,Akoko North East,NGA029001,Akoko North East,NG029001,NG029
Nigeria,NGA,Ondo,NGA029,Akoko North West,NGA029002,Akoko North West,NG029002,NG029
Nigeria,NGA,Ondo,NGA029,Akoko South East,NGA029003,Akoko South East,NG029003,NG029
Nigeria,NGA,Ondo,NGA029,Akoko South West,NGA029004,Akoko South West,NG029004,NG029
Nigeria,NGA,Ondo,NGA029,Akure North,NGA029005,Akure North,NG029005,NG029
Nigeria,NGA,Ondo,NGA029,Akure South,NGA029006,Akure South,NG029006,NG029
Nigeria,NGA,Ondo,NGA029,Ese-Odo,NGA029007,Ese-Odo,NG029007,NG029
Nigeria,NGA,Ondo,NGA029,Idanre,NGA029008,Idanre,NG029008,NG029
Nigeria,NGA,Ondo,NGA029,Ifedore,NGA029009,Ifedore,NG029009,NG029
Nigeria,NGA,Ondo,NGA029,Ile-Oluji-Okeigbo,NGA029011,Ile-Oluji-Okeigbo,NG029011,NG029
Nigeria,NGA,Ondo,NGA029,Irele,NGA029012,Irele,NG029012,NG029
Nigeria,NGA,Ondo,NGA029,Odigbo,NGA029013,Odigbo,NG029013,NG029
Nigeria,NGA,Ondo,NGA029,Okitipupa,NGA029014,Okitipupa,NG029014,NG029
Nigeria,NGA,Ondo,NGA029,Ondo East,NGA029015,Ondo East,NG029015,NG029
Nigeria,NGA,Ondo,NGA029,Ondo West,NGA029016,Ondo West,NG029016,NG029
Nigeria,NGA,Ondo,NGA029,Ose,NGA029017,Ose,NG029017,NG029
Nigeria,NGA,Ondo,NGA029,Owo,NGA029018,Owo,NG029018,NG029
Nigeria,NGA,Osun,NGA030,Aiyedade,NGA030001,Aiyedade,NG030001,NG030
Nigeria,NGA,Osun,NGA030,Aiyedire,NGA030002,Aiyedire,NG030002,NG030
Nigeria,NGA,Osun,NGA030,Atakumosa East,NGA030003,Atakumosa East,NG030003,NG030
Nigeria,NGA,Osun,NGA030,Atakumosa West,NGA030004,Atakumosa West,NG030004,NG030
Nigeria,NGA,Osun,NGA030,Boluwaduro,NGA030005,Boluwaduro,NG030005,NG030
Nigeria,NGA,Osun,NGA030,Boripe,NGA030006,Boripe,NG030006,NG030
Nigeria,NGA,Osun,NGA030,Ede North,NGA030007,Ede North,NG030007,NG030
Nigeria,NGA,Osun,NGA030,Ede South,NGA030008,Ede South,NG030008,NG030
Nigeria,NGA,Osun,NGA030,Egbedore,NGA030009,Egbedore,NG030009,NG030
Nigeria,NGA,Osun,NGA030,Ejigbo,NGA030010,Ejigbo,NG030010,NG030
Nigeria,NGA,Osun,NGA030,Ife Central,NGA030011,Ife Central,NG030011,NG030
Nigeria,NGA,Osun,NGA030,Ife East,NGA030012,Ife East,NG030012,NG030
Nigeria,NGA,Osun,NGA030,Ife North,NGA030013,Ife North,NG030013,NG030
Nigeria,NGA,Osun,NGA030,Ife South,NGA030014,Ife South,NG030014,NG030
Nigeria,NGA,Osun,NGA030,Ifedayo,NGA030015,Ifedayo,NG030015,NG030
Nigeria,NGA,Osun,NGA030,Ifelodun,NGA030016,Ifelodun,NG030016,NG030
Nigeria,NGA,Osun,NGA030,Ila,NGA030017,Ila,NG030017,NG030
Nigeria,NGA,Osun,NGA030,Ilesha East,NGA030018,Ilesha East,NG030018,NG030
Nigeria,NGA,Osun,NGA030,Ilesha West,NGA030019,Ilesha West,NG030019,NG030
Nigeria,NGA,Osun,NGA030,Irepodun,NGA030020,Irepodun,NG030020,NG030
Nigeria,NGA,Osun,NGA030,Irewole,NGA030021,Irewole,NG030021,NG030
Nigeria,NGA,Osun,NGA030,Isokan,NGA030022,Isokan,NG030022,NG030
Nigeria,NGA,Osun,NGA030,Iwo,NGA030023,Iwo,NG030023,NG030
Nigeria,NGA,Osun,NGA030,Obokun,NGA030024,Obokun,NG030024,NG030
Nigeria,NGA,Osun,NGA030,Odo-Otin,NGA030025,Odo-Otin,NG030025,NG030
Nigeria,NGA,Osun,NGA030,Ola-oluwa,NGA030026,Ola-oluwa,NG030026,NG030
Nigeria,NGA,Osun,NGA030,Olorunda,NGA030027,Olorunda,NG030027,NG030
Nigeria,NGA,Osun,NGA030,Oriade,NGA030028,Oriade,NG030028,NG030
Nigeria,NGA,Osun,NGA030,Orolu,NGA030029,Orolu,NG030029,NG030
Nigeria,NGA,Osun,NGA030,Osogbo,NGA030030,Osogbo,NG030030,NG030
Nigeria,NGA,Oyo,NGA031,Afijio,NGA031001,Afijio,NG031001,NG031
Nigeria,NGA,Oyo,NGA031,Akinyele,NGA031002,Akinyele,NG031002,NG031
Nigeria,NGA,Oyo,NGA031,Atiba,NGA031003,Atiba,NG031003,NG031
Nigeria,NGA,Oyo,NGA031,Egbeda,NGA031005,Egbeda,NG031005,NG031
Nigeria,NGA,Oyo,NGA031,Ibadan North,NGA031006,Ibadan North,NG031006,NG031
Nigeria,NGA,Oyo,NGA031,Ibadan North East,NGA031007,Ibadan North East,NG031007,NG031
Nigeria,NGA,Oyo,NGA031,Ibadan North West,NGA031008,Ibadan North West,NG031008,NG031
Nigeria,NGA,Oyo,NGA031,Ibadan South East,NGA031009,Ibadan South East,NG031009,NG031
Nigeria,NGA,Oyo,NGA031,Ibadan South West,NGA031010,Ibadan South West,NG031010,NG031
Nigeria,NGA,Oyo,NGA031,Ibarapa Central,NGA031011,Ibarapa Central,NG031011,NG031
Nigeria,NGA,Oyo,NGA031,Ibarapa East,NGA031012,Ibarapa East,NG031012,NG031
Nigeria,NGA,Oyo,NGA031,Ibarapa North,NGA031013,Ibarapa North,NG031013,NG031
Nigeria,NGA,Oyo,NGA031,Ido,NGA031014,Ido,NG031014,NG031
Nigeria,NGA,Oyo,NGA031,Irepo,NGA031015,Irepo,NG031015,NG031
Nigeria,NGA,Oyo,NGA031,Iseyin,NGA031016,Iseyin,NG031016,NG031
Nigeria,NGA,Oyo,NGA031,Itesiwaju,NGA031017,Itesiwaju,NG031017,NG031
Nigeria,NGA,Oyo,NGA031,Kajola,NGA031019,Kajola,NG031019,NG031
Nigeria,NGA,Oyo,NGA031,Lagelu,NGA031020,Lagelu,NG031020,NG031
Nigeria,NGA,Oyo,NGA031,Ogbomosho North,NGA031021,Ogbomosho North,NG031021,NG031
Nigeria,NGA,Oyo,NGA031,Ogbomosho South,NGA031022,Ogbomosho South,NG031022,NG031
Nigeria,NGA,Oyo,NGA031,Ogo Oluwa,NGA031023,Ogo Oluwa,NG031023,NG031
Nigeria,NGA,Oyo,NGA031,Olorunsogo,NGA031024,Olorunsogo,NG031024,NG031
Nigeria,NGA,Oyo,NGA031,Oluyole,NGA031025,Oluyole,NG031025,NG031
Nigeria,NGA,Oyo,NGA031,Ona-Ara,NGA031026,Ona-Ara,NG031026,NG031
Nigeria,NGA,Oyo,NGA031,Orelope,NGA031027,Orelope,NG031027,NG031
Nigeria,NGA,Oyo,NGA031,Ori Ire,NGA031028,Ori Ire,NG031028,NG031
Nigeria,NGA,Oyo,NGA031,Oyo East,NGA031029,Oyo East,NG031029,NG031
Nigeria,NGA,Oyo,NGA031,Oyo West,NGA031030,Oyo West,NG031030,NG031
Nigeria,NGA,Oyo,NGA031,Saki East,NGA031031,Saki East,NG031031,NG031
Nigeria,NGA,Oyo,NGA031,Saki West,NGA031032,Saki West,NG031032,NG031
Nigeria,NGA,Oyo,NGA031,Surulere,NGA031033,Surulere,NG031033,NG031
Nigeria,NGA,Plateau,NGA032,Barikin Ladi,NGA032001,Barikin Ladi,NG032001,NG032
Nigeria,NGA,Plateau,NGA032,Bassa,NGA032002,Bassa,NG032002,NG032
Nigeria,NGA,Plateau,NGA032,Bokkos,NGA032003,Bokkos,NG032003,NG032
Nigeria,NGA,Plateau,NGA032,Jos East,NGA032004,Jos East,NG032004,NG032
Nigeria,NGA,Plateau,NGA032,Jos North,NGA032005,Jos North,NG032005,NG032
Nigeria,NGA,Plateau,NGA032,Jos South,NGA032006,Jos South,NG032006,NG032
Nigeria,NGA,Plateau,NGA032,Kanam,NGA032007,Kanam,NG032007,NG032
Nigeria,NGA,Plateau,NGA032,Kanke,NGA032008,Kanke,NG032008,NG032
Nigeria,NGA,Plateau,NGA032,Langtang North,NGA032009,Langtang North,NG032009,NG032
Nigeria,NGA,Plateau,NGA032,Langtang South,NGA032010,Langtang South,NG032010,NG032
Nigeria,NGA,Plateau,NGA032,Mangu,NGA032011,Mangu,NG032011,NG032
Nigeria,NGA,Plateau,NGA032,Mikang,NGA032012,Mikang,NG032012,NG032
Nigeria,NGA,Plateau,NGA032,Pankshin,NGA032013,Pankshin,NG032013,NG032
Nigeria,NGA,Plateau,NGA032,Qua'an Pan,NGA032014,Qua'an Pan,NG032014,NG032
Nigeria,NGA,Plateau,NGA032,Riyom,NGA032015,Riyom,NG032015,NG032
Nigeria,NGA,Plateau,NGA032,Shendam,NGA032016,Shendam,NG032016,NG032
Nigeria,NGA,Plateau,NGA032,Wase,NGA032017,Wase,NG032017,NG032
Nigeria,NGA,Rivers,NGA033,Abua/Odual,NGA033001,Abua/Odual,NG033001,NG033
Nigeria,NGA,Rivers,NGA033,Ahoada East,NGA033002,Ahoada East,NG033002,NG033
Nigeria,NGA,Rivers,NGA033,Ahoada West,NGA033003,Ahoada West,NG033003,NG033
Nigeria,NGA,Rivers,NGA033,Andoni,NGA033005,Andoni,NG033005,NG033
Nigeria,NGA,Rivers,NGA033,Asari-Toru,NGA033006,Asari-Toru,NG033006,NG033
Nigeria,NGA,Rivers,NGA033,Bonny,NGA033007,Bonny,NG033007,NG033
Nigeria,NGA,Rivers,NGA033,Eleme,NGA033009,Eleme,NG033009,NG033
Nigeria,NGA,Rivers,NGA033,Emohua,NGA033010,Emohua,NG033010,NG033
Nigeria,NGA,Rivers,NGA033,Etche,NGA033011,Etche,NG033011,NG033
Nigeria,NGA,Rivers,NGA033,Gokana,NGA033012,Gokana,NG033012,NG033
Nigeria,NGA,Rivers,NGA033,Ikwerre,NGA033013,Ikwerre,NG033013,NG033
Nigeria,NGA,Rivers,NGA033,Khana,NGA033014,Khana,NG033014,NG033
Nigeria,NGA,Rivers,NGA033,Obia/Akpor,NGA033015,Obia/Akpor,NG033015,NG033
Nigeria,NGA,Rivers,NGA033,Ogba/Egbema/Ndoni,NGA033016,Ogba/Egbema/Ndoni,NG033016,NG033
Nigeria,NGA,Rivers,NGA033,Ogu/Bolo,NGA033017,Ogu/Bolo,NG033017,NG033
Nigeria,NGA,Rivers,NGA033,Okrika,NGA033018,Okrika,NG033018,NG033
Nigeria,NGA,Rivers,NGA033,Omumma,NGA033019,Omumma,NG033019,NG033
Nigeria,NGA,Rivers,NGA033,Opobo/Nkoro,NGA033020,Opobo/Nkoro,NG033020,NG033
Nigeria,NGA,Rivers,NGA033,Oyigbo,NGA033021,Oyigbo,NG033021,NG033
Nigeria,NGA,Rivers,NGA033,Port-Harcourt,NGA033022,Port-Harcourt,NG033022,NG033
Nigeria,NGA,Rivers,NGA033,Tai,NGA033023,Tai,NG033023,NG033
Nigeria,NGA,Sokoto,NGA034,Binji,NGA034001,Binji,NG034001,NG034
Nigeria,NGA,Sokoto,NGA034,Bodinga,NGA034002,Bodinga,NG034002,NG034
Nigeria,NGA,Sokoto,NGA034,Dange-Shnsi,NGA034003,Dange-Shnsi,NG034003,NG034
Nigeria,NGA,Sokoto,NGA034,Goronyo,NGA034006,Goronyo,NG034006,NG034
Nigeria,NGA,Sokoto,NGA034,Gawabawa,NGA034005,Gawabawa,NG034005,NG034
Nigeria,NGA,Sokoto,NGA034,Illela,NGA034008,Illela,NG034008,NG034
Nigeria,NGA,Sokoto,NGA034,Isa,NGA034009,Isa,NG034009,NG034
Nigeria,NGA,Sokoto,NGA034,Kebbe,NGA034010,Kebbe,NG034010,NG034
Nigeria,NGA,Sokoto,NGA034,Kware,NGA034011,Kware,NG034011,NG034
Nigeria,NGA,Sokoto,NGA034,Rabah,NGA034012,Rabah,NG034012,NG034
Nigeria,NGA,Sokoto,NGA034,Shagari,NGA034014,Shagari,NG034014,NG034
Nigeria,NGA,Sokoto,NGA034,Silame,NGA034015,Silame,NG034015,NG034
Nigeria,NGA,Sokoto,NGA034,Sokoto North,NGA034016,Sokoto North,NG034016,NG034
Nigeria,NGA,Sokoto,NGA034,Sokoto South,NGA034017,Sokoto South,NG034017,NG034
Nigeria,NGA,Sokoto,NGA034,Tambuwal,NGA034018,Tambuwal,NG034018,NG034
Nigeria,NGA,Sokoto,NGA034,Tureta,NGA034020,Tureta,NG034020,NG034
Nigeria,NGA,Sokoto,NGA034,Wamako,NGA034021,Wamako,NG034021,NG034
Nigeria,NGA,Sokoto,NGA034,Wurno,NGA034022,Wurno,NG034022,NG034
Nigeria,NGA,Sokoto,NGA034,Yabo,NGA034023,Yabo,NG034023,NG034
Nigeria,NGA,Taraba,NGA035,Ardo-Kola,NGA035001,Ardo-Kola,NG035001,NG035
Nigeria,NGA,Taraba,NGA035,Bali,NGA035002,Bali,NG035002,NG035
Nigeria,NGA,Taraba,NGA035,Donga,NGA035003,Donga,NG035003,NG035
Nigeria,NGA,Taraba,NGA035,Gassol,NGA035005,Gassol,NG035005,NG035
Nigeria,NGA,Taraba,NGA035,Ibi,NGA035006,Ibi,NG035006,NG035
Nigeria,NGA,Taraba,NGA035,Jalingo,NGA035007,Jalingo,NG035007,NG035
Nigeria,NGA,Taraba,NGA035,Karin-Lamido,NGA035008,Karin-Lamido,NG035008,NG035
Nigeria,NGA,Taraba,NGA035,Lau,NGA035010,Lau,NG035010,NG035
Nigeria,NGA,Taraba,NGA035,Wukari,NGA035014,Wukari,NG035014,NG035
Nigeria,NGA,Taraba,NGA035,Yorro,NGA035015,Yorro,NG035015,NG035
Nigeria,NGA,Taraba,NGA035,Zing,NGA035016,Zing,NG035016,NG035
Nigeria,NGA,Yobe,NGA036,Bade,NGA036001,Bade,NG036001,NG036
Nigeria,NGA,Yobe,NGA036,Bursari,NGA036002,Bursari,NG036002,NG036
Nigeria,NGA,Yobe,NGA036,Damaturu,NGA036003,Damaturu,NG036003,NG036
Nigeria,NGA,Yobe,NGA036,Fika,NGA036004,Fika,NG036004,NG036
Nigeria,NGA,Yobe,NGA036,Fune,NGA036005,Fune,NG036005,NG036
Nigeria,NGA,Yobe,NGA036,Geidam,NGA036006,Geidam,NG036006,NG036
Nigeria,NGA,Yobe,NGA036,Gujba,NGA036007,Gujba,NG036007,NG036
Nigeria,NGA,Yobe,NGA036,Gulani,NGA036008,Gulani,NG036008,NG036
Nigeria,NGA,Yobe,NGA036,Jakusko,NGA036009,Jakusko,NG036009,NG036
Nigeria,NGA,Yobe,NGA036,Karasuwa,NGA036010,Karasuwa,NG036010,NG036
Nigeria,NGA,Yobe,NGA036,Nangere,NGA036012,Nangere,NG036012,NG036
Nigeria,NGA,Yobe,NGA036,Nguru,NGA036013,Nguru,NG036013,NG036
Nigeria,NGA,Yobe,NGA036,Potiskum,NGA036014,Potiskum,NG036014,NG036
Nigeria,NGA,Yobe,NGA036,Tarmua,NGA036015,Tarmua,NG036015,NG036
Nigeria,NGA,Zamfara,NGA037,Anka,NGA037001,Anka,NG037001,NG037
Nigeria,NGA,Zamfara,NGA037,Bakura,NGA037002,Bakura,NG037002,NG037
Nigeria,NGA,Zamfara,NGA037,Birnin Magaji,NGA037003,Birnin Magaji,NG037003,NG037
Nigeria,NGA,Zamfara,NGA037,Bukkuyum,NGA037004,Bukkuyum,NG037004,NG037
Nigeria,NGA,Zamfara,NGA037,Bungudu,NGA037005,Bungudu,NG037005,NG037
Nigeria,NGA,Zamfara,NGA037,Gummi,NGA037006,Gummi,NG037006,NG037
Nigeria,NGA,Zamfara,NGA037,Gusau,NGA037007,Gusau,NG037007,NG037
Nigeria,NGA,Zamfara,NGA037,Kaura-Namoda,NGA037008,Kaura-Namoda,NG037008,NG037
Nigeria,NGA,Zamfara,NGA037,Maradun,NGA037009,Maradun,NG037009,NG037
Nigeria,NGA,Zamfara,NGA037,Maru,NGA037010,Maru,NG037010,NG037
Nigeria,NGA,Zamfara,NGA037,Shinkafi,NGA037011,Shinkafi,NG037011,NG037
Nigeria,NGA,Zamfara,NGA037,Talata Mafara,NGA037012,Talata Mafara,NG037012,NG037
Nigeria,NGA,Zamfara,NGA037,Tsafe,NGA037013,Tsafe,NG037013,NG037
Nigeria,NGA,Zamfara,NGA037,Zurmi,NGA037014,Zurmi,NG037014,NG037
Nigeria,NGA,Akwa lbom,NGA003,Mbo,NGA003017,Mbo,NG003017,NG003
Nigeria,NGA,Akwa lbom,NGA003,Oron,NGA003025,Oron,NG003025,NG003
Nigeria,NGA,Akwa lbom,NGA003,Udung Uko,NGA003027,Udung Uko,NG003027,NG003
Nigeria,NGA,Cross River,NGA009,Calabar South,NGA009008,Calabar South,NG009008,NG009
Nigeria,NGA,Akwa lbom,NGA003,Ibeno,NGA003008,Ibeno,NG003008,NG003
Nigeria,NGA,Akwa lbom,NGA003,Eastern Obolo,NGA003002,Eastern Obolo,NG003002,NG003
Nigeria,NGA,Rivers,NGA033,Degema,NGA033008,Degema,NG033008,NG033
Nigeria,NGA,Rivers,NGA033,Akuku Toru,NGA033004,Akuku Toru,NG033004,NG033
Nigeria,NGA,Bayelsa,NGA006,Brass,NGA006001,Brass,NG006001,NG006
Nigeria,NGA,Bayelsa,NGA006,Southern Ijaw,NGA006007,Southern Ijaw,NG006007,NG006
Nigeria,NGA,Bayelsa,NGA006,Ekeremor,NGA006002,Ekeremor,NG006002,NG006
Nigeria,NGA,Delta,NGA010,Burutu,NGA010004,Burutu,NG010004,NG010
Nigeria,NGA,Delta,NGA010,Warri South West,NGA010025,Warri South West,NG010025,NG010
Nigeria,NGA,Delta,NGA010,Warri North,NGA010023,Warri North,NG010023,NG010
Nigeria,NGA,Ondo,NGA029,Ilaje,NGA029010,Ilaje,NG029010,NG029
Nigeria,NGA,Lagos,NGA025,Ibeju/Lekki,NGA025009,Ibeju/Lekki,NG025009,NG025
Nigeria,NGA,Lagos,NGA025,Amuwo-Odofin,NGA025004,Amuwo-Odofin,NG025004,NG025
Nigeria,NGA,Lagos,NGA025,Badagry,NGA025006,Badagry,NG025006,NG025
Nigeria,NGA,Ogun,NGA028,Ipokia,NGA028014,Ipokia,NG028014,NG028
Nigeria,NGA,Ogun,NGA028,Egbado North,NGA028004,Egbado North,NG028004,NG028
Nigeria,NGA,Ogun,NGA028,Imeko-Afon,NGA028013,Imeko-Afon,NG028013,NG028
Nigeria,NGA,Oyo,NGA031,Iwajowa,NGA031018,Iwajowa,NG031018,NG031
Nigeria,NGA,Oyo,NGA031,Atigbo,NGA031004,Atigbo,NG031004,NG031
Nigeria,NGA,Kwara,NGA024,Baruten,NGA024002,Baruten,NG024002,NG024
Nigeria,NGA,Niger,NGA027,Borgu,NGA027004,Borgu,NG027004,NG027
Nigeria,NGA,Kebbi,NGA022,Bagudo,NGA022005,Bagudo,NG022005,NG022
Nigeria,NGA,Kebbi,NGA022,Dandi,NGA022008,Dandi,NG022008,NG022
Nigeria,NGA,Kebbi,NGA022,Arewa-Dandi,NGA022002,Arewa-Dandi,NG022002,NG022
Nigeria,NGA,Sokoto,NGA034,Gudu,NGA034007,Gudu,NG034007,NG034
Nigeria,NGA,Sokoto,NGA034,Tangaza,NGA034019,Tangaza,NG034019,NG034
Nigeria,NGA,Sokoto,NGA034,Gada,NGA034004,Gada,NG034004,NG034
Nigeria,NGA,Sokoto,NGA034,Sabon Birni,NGA034013,Sabon Birni,NG034013,NG034
Nigeria,NGA,Katsina,NGA021,kaita,NGA021018,kaita,NG021018,NG021
Nigeria,NGA,Katsina,NGA021,Jibia,NGA021016,Jibia,NG021016,NG021
Nigeria,NGA,Katsina,NGA021,Mashi,NGA021027,Mashi,NG021027,NG021
Nigeria,NGA,Katsina,NGA021,Mai'Adua,NGA021024,Mai'Adua,NG021024,NG021
Nigeria,NGA,Katsina,NGA021,Zango,NGA021034,Zango,NG021034,NG021
Nigeria,NGA,Katsina,NGA021,Baure,NGA021004,Baure,NG021004,NG021
Nigeria,NGA,Jigawa,NGA018,Sule-Tankarkar,NGA018025,Sule-Tankarkar,NG018025,NG018
Nigeria,NGA,Jigawa,NGA018,Maigatari,NGA018020,Maigatari,NG018020,NG018
Nigeria,NGA,Yobe,NGA036,Machina,NGA036011,Machina,NG036011,NG036
Nigeria,NGA,Yobe,NGA036,Yusufari,NGA036017,Yusufari,NG036017,NG036
Nigeria,NGA,Yobe,NGA036,Yunusari,NGA036016,Yunusari,NG036016,NG036
Nigeria,NGA,Borno,NGA008,Mobbar,NGA008023,Mobbar,NG008023,NG008
Nigeria,NGA,Borno,NGA008,Abadam,NGA008001,Abadam,NG008001,NG008
Nigeria,NGA,Borno,NGA008,Kukawa,NGA008017,Kukawa,NG008017,NG008
Nigeria,NGA,Borno,NGA008,Monguno,NGA008024,Monguno,NG008024,NG008
Nigeria,NGA,Borno,NGA008,Ngala,NGA008025,Ngala,NG008025,NG008
Nigeria,NGA,Borno,NGA008,Kala/Balge,NGA008015,Kala/Balge,NG008015,NG008
Nigeria,NGA,Borno,NGA008,Bama,NGA008003,Bama,NG008003,NG008
Nigeria,NGA,Borno,NGA008,Gwoza,NGA008011,Gwoza,NG008011,NG008
Nigeria,NGA,Adamawa,NGA002,Madagali,NGA002010,Madagali,NG002010,NG002
Nigeria,NGA,Adamawa,NGA002,Michika,NGA002013,Michika,NG002013,NG002
Nigeria,NGA,Adamawa,NGA002,Mubi North,NGA002014,Mubi North,NG002014,NG002
Nigeria,NGA,Adamawa,NGA002,Mubi South,NGA002015,Mubi South,NG002015,NG002
Nigeria,NGA,Adamawa,NGA002,Maiha,NGA002011,Maiha,NG002011,NG002
Nigeria,NGA,Adamawa,NGA002,Fufore,NGA002002,Fufore,NG002002,NG002
Nigeria,NGA,Adamawa,NGA002,Jada,NGA002008,Jada,NG002008,NG002
Nigeria,NGA,Adamawa,NGA002,Ganaye,NGA002003,Ganaye,NG002003,NG002
Nigeria,NGA,Adamawa,NGA002,Toungo,NGA002019,Toungo,NG002019,NG002
Nigeria,NGA,Taraba,NGA035,Gashaka,NGA035004,Gashaka,NG035004,NG035
Nigeria,NGA,Taraba,NGA035,Sardauna,NGA035011,Sardauna,NG035011,NG035
Nigeria,NGA,Taraba,NGA035,Kurmi,NGA035009,Kurmi,NG035009,NG035
Nigeria,NGA,Taraba,NGA035,Ussa,NGA035013,Ussa,NG035013,NG035
Nigeria,NGA,Taraba,NGA035,Takum,NGA035012,Takum,NG035012,NG035
Nigeria,NGA,Benue,NGA007,Kwande,NGA007011,Kwande,NG007011,NG007
Nigeria,NGA,Cross River,NGA009,Obanliku,NGA009012,Obanliku,NG009012,NG009
Nigeria,NGA,Cross River,NGA009,Boki,NGA009007,Boki,NG009007,NG009
Nigeria,NGA,Cross River,NGA009,Etung,NGA009010,Etung,NG009010,NG009
Nigeria,NGA,Cross River,NGA009,Akamkpa,NGA009002,Akamkpa,NG009002,NG009
Nigeria,NGA,Cross River,NGA009,Bakassi,NGA009004,Bakassi,NG009004,NG009
Nigeria,NGA,Cross River,NGA009,Akpabuyo,NGA009003,Akpabuyo,NG009003,NG009
Nigeria,NGA,Lagos,NGA025,Eti-Osa,NGA025008,Eti-Osa,NG025008,NG025
Nigeria,NGA,Lagos,NGA025,Ikorodu,NGA025012,Ikorodu,NG025012,NG025
Nigeria,NGA,Lagos,NGA025,Kosofe,NGA025013,Kosofe,NG025013,NG025
Nigeria,NGA,Lagos,NGA025,Lagos Island,NGA025014,Lagos Island,NG025014,NG025
Nigeria,NGA,Lagos,NGA025,Lagos Mainland,NGA025015,Lagos Mainland,NG025015,NG025
Nigeria,NGA,Lagos,NGA025,Shomolu,NGA025019,Shomolu,NG025019,NG025
